{"cameraMode":{"drawMode":0,"name":"Shaded","section":"Shading Mode"},"sceneLighting":true,"audioPlay":false,"sceneViewState":{"m_AlwaysRefresh":false,"showFog":true,"showSkybox":false,"showFlares":true,"showImageEffects":true,"showParticleSystems":true,"showVisualEffectGraphs":true,"m_FxEnabled":true},"in2DMode":false,"pivot":{"x":0.5937570333480835,"y":0.9814029932022095,"z":-0.2507812976837158},"rotation":{"x":0.0029387199319899084,"y":0.20111826062202454,"z":-0.0006033811368979514,"w":0.9795638918876648},"size":1.5497424602508546,"orthographic":false}