{"cameraMode":{"drawMode":0,"name":"Shaded","section":"Shading Mode"},"sceneLighting":false,"audioPlay":false,"sceneViewState":{"m_AlwaysRefresh":false,"showFog":true,"showSkybox":false,"showFlares":true,"showImageEffects":true,"showParticleSystems":true,"showVisualEffectGraphs":true,"m_FxEnabled":true},"in2DMode":false,"pivot":{"x":0.09640073776245117,"y":1.4650163650512696,"z":1.2288594245910645},"rotation":{"x":0.0029387199319899084,"y":0.20111826062202454,"z":-0.0006033811368979514,"w":0.9795638918876648},"size":3.215078830718994,"orthographic":false}