{"cameraMode":{"drawMode":0,"name":"Shaded","section":"Shading Mode"},"sceneLighting":false,"audioPlay":false,"sceneViewState":{"m_AlwaysRefresh":false,"showFog":true,"showSkybox":false,"showFlares":true,"showImageEffects":true,"showParticleSystems":true,"showVisualEffectGraphs":true,"m_FxEnabled":true},"in2DMode":false,"pivot":{"x":0.04103422164916992,"y":1.0639725923538209,"z":0.052551865577697757},"rotation":{"x":0.0029387199319899084,"y":0.20111826062202454,"z":-0.0006033811368979514,"w":0.9795638918876648},"size":1.7295820713043213,"orthographic":false}