{"cameraMode":{"drawMode":0,"name":"Shaded","section":"Shading Mode"},"sceneLighting":false,"audioPlay":false,"sceneViewState":{"m_AlwaysRefresh":false,"showFog":true,"showSkybox":false,"showFlares":true,"showImageEffects":true,"showParticleSystems":true,"showVisualEffectGraphs":true,"m_FxEnabled":true},"in2DMode":false,"pivot":{"x":-9.577593803405762,"y":0.5592923760414124,"z":18.207956314086915},"rotation":{"x":-0.1541445553302765,"y":-0.024602307006716729,"z":0.0038395142182707788,"w":-0.9877356886863709},"size":2.078718900680542,"orthographic":false}